55719-84671:Trae Young,55719-14496:Ricky Rubio,55719-15684:Victor Oladipo,55719-84680:Shai Gilgeous-Alexander,55719-145533:Kenyon Martin,55719-9488:LeBron James,55719-66236:John Collins,55719-80823:Tony Bradley,55719-14516:Enes Kanter,377.2328923016145,60000
55719-84671:Trae Young,55719-66115:Ben Simmons,55719-145348:Immanuel Quickley,55719-84680:Shai Gilgeous-Alexander,55719-110345:Kevin Porter,55719-145533:Kenyon Martin,55719-66236:John Collins,55719-42669:Julius Randle,55719-117286:Moses Brown,372.3579632152659,59800
55719-84671:Trae Young,55719-20848:Damian Lillard,55719-145348:Immanuel Quickley,55719-84680:Shai Gilgeous-Alexander,55719-145533:Kenyon Martin,55719-9488:LeBron James,55719-58377:Kyle Kuzma,55719-80823:Tony Bradley,55719-117286:Moses Brown,370.1054422299432,59900
55719-84671:Trae Young,55719-66115:Ben Simmons,55719-84704:Kevin Huerter,55719-84680:Shai Gilgeous-Alexander,55719-110345:Kevin Porter,55719-145533:Kenyon Martin,55719-42669:Julius Randle,55719-80823:Tony Bradley,55719-23776:Montrezl Harrell,368.35461063120476,59700
55719-84671:Trae Young,55719-20848:Damian Lillard,55719-145348:Immanuel Quickley,55719-84680:Shai Gilgeous-Alexander,55719-145533:Kenyon Martin,55719-110357:RJ Barrett,55719-42669:Julius Randle,55719-110346:Isaiah Roby,55719-117286:Moses Brown,371.0493218153735,59600
55719-84671:Trae Young,55719-80806:Lonzo Ball,55719-145348:Immanuel Quickley,55719-84680:Shai Gilgeous-Alexander,55719-110345:Kevin Porter,55719-145533:Kenyon Martin,55719-66236:John Collins,55719-110310:Zion Williamson,55719-23776:Montrezl Harrell,364.9068543895437,60000
55719-84671:Trae Young,55719-20848:Damian Lillard,55719-145348:Immanuel Quickley,55719-84680:Shai Gilgeous-Alexander,55719-110345:Kevin Porter,55719-145533:Kenyon Martin,55719-66236:John Collins,55719-80812:Lauri Markkanen,55719-14516:Enes Kanter,365.65293388493404,60000
55719-84671:Trae Young,55719-66115:Ben Simmons,55719-15684:Victor Oladipo,55719-84680:Shai Gilgeous-Alexander,55719-110345:Kevin Porter,55719-145533:Kenyon Martin,55719-66236:John Collins,55719-145538:Aleksej Pokusevski,55719-23776:Montrezl Harrell,371.0447961980118,60000
55719-84671:Trae Young,55719-20848:Damian Lillard,55719-15684:Victor Oladipo,55719-84680:Shai Gilgeous-Alexander,55719-110345:Kevin Porter,55719-145533:Kenyon Martin,55719-66236:John Collins,55719-110346:Isaiah Roby,55719-117286:Moses Brown,366.5689734193722,59700
55719-84671:Trae Young,55719-20848:Damian Lillard,55719-145348:Immanuel Quickley,55719-84680:Shai Gilgeous-Alexander,55719-145533:Kenyon Martin,55719-110357:RJ Barrett,55719-110310:Zion Williamson,55719-80823:Tony Bradley,55719-23776:Montrezl Harrell,370.89674624340273,60000
55719-84671:Trae Young,55719-20848:Damian Lillard,55719-14510:Alec Burks,55719-84680:Shai Gilgeous-Alexander,55719-145533:Kenyon Martin,55719-110357:RJ Barrett,55719-66236:John Collins,55719-110310:Zion Williamson,55719-117286:Moses Brown,365.3189084953933,60000
55719-84671:Trae Young,55719-20848:Damian Lillard,55719-145348:Immanuel Quickley,55719-84680:Shai Gilgeous-Alexander,55719-110345:Kevin Porter,55719-145533:Kenyon Martin,55719-42669:Julius Randle,55719-80823:Tony Bradley,55719-9660:Dwight Howard,366.0905660991383,59700
55719-84671:Trae Young,55719-14496:Ricky Rubio,55719-84680:Shai Gilgeous-Alexander,55719-110331:Ty Jerome,55719-145533:Kenyon Martin,55719-9488:LeBron James,55719-66236:John Collins,55719-42669:Julius Randle,55719-117286:Moses Brown,366.81577269351345,59900
55719-84671:Trae Young,55719-20848:Damian Lillard,55719-84704:Kevin Huerter,55719-145321:Anthony Edwards,55719-145533:Kenyon Martin,55719-9488:LeBron James,55719-66236:John Collins,55719-80823:Tony Bradley,55719-117286:Moses Brown,368.4819041154447,59900
55719-84671:Trae Young,55719-20848:Damian Lillard,55719-84680:Shai Gilgeous-Alexander,55719-110331:Ty Jerome,55719-145533:Kenyon Martin,55719-9488:LeBron James,55719-110346:Isaiah Roby,55719-20491:Robert Covington,55719-117286:Moses Brown,364.92154231110453,60000
55719-84671:Trae Young,55719-66115:Ben Simmons,55719-15684:Victor Oladipo,55719-84680:Shai Gilgeous-Alexander,55719-145533:Kenyon Martin,55719-9488:LeBron James,55719-80812:Lauri Markkanen,55719-80823:Tony Bradley,55719-117286:Moses Brown,363.2590227314886,60000
55719-84671:Trae Young,55719-40201:Dennis Schroder,55719-15684:Victor Oladipo,55719-84680:Shai Gilgeous-Alexander,55719-145533:Kenyon Martin,55719-110357:RJ Barrett,55719-66236:John Collins,55719-42669:Julius Randle,55719-117286:Moses Brown,361.5397501506012,60000
55719-84671:Trae Young,55719-110317:Jaylen Nowell,55719-15684:Victor Oladipo,55719-84680:Shai Gilgeous-Alexander,55719-110345:Kevin Porter,55719-9488:LeBron James,55719-66236:John Collins,55719-80823:Tony Bradley,55719-117286:Moses Brown,367.91471519972583,59800
55719-84671:Trae Young,55719-66115:Ben Simmons,55719-15684:Victor Oladipo,55719-84680:Shai Gilgeous-Alexander,55719-145533:Kenyon Martin,55719-110357:RJ Barrett,55719-42669:Julius Randle,55719-80823:Tony Bradley,55719-9660:Dwight Howard,363.6790622070837,60000
55719-84671:Trae Young,55719-20848:Damian Lillard,55719-12355:Eric Bledsoe,55719-145348:Immanuel Quickley,55719-145533:Kenyon Martin,55719-9488:LeBron James,55719-66236:John Collins,55719-80823:Tony Bradley,55719-23776:Montrezl Harrell,366.19159059813063,59800
55719-84671:Trae Young,55719-110317:Jaylen Nowell,55719-145348:Immanuel Quickley,55719-84680:Shai Gilgeous-Alexander,55719-145533:Kenyon Martin,55719-9488:LeBron James,55719-66236:John Collins,55719-110310:Zion Williamson,55719-117286:Moses Brown,362.889759074066,59700
55719-84671:Trae Young,55719-20848:Damian Lillard,55719-12355:Eric Bledsoe,55719-84680:Shai Gilgeous-Alexander,55719-145533:Kenyon Martin,55719-66048:Brandon Ingram,55719-66236:John Collins,55719-80823:Tony Bradley,55719-14516:Enes Kanter,370.90684196184714,59500
55719-84671:Trae Young,55719-66115:Ben Simmons,55719-84680:Shai Gilgeous-Alexander,55719-110331:Ty Jerome,55719-110345:Kevin Porter,55719-145533:Kenyon Martin,55719-66236:John Collins,55719-110310:Zion Williamson,55719-14516:Enes Kanter,370.67787816027504,59700
55719-84671:Trae Young,55719-20848:Damian Lillard,55719-145348:Immanuel Quickley,55719-84680:Shai Gilgeous-Alexander,55719-9637:Danilo Gallinari,55719-145533:Kenyon Martin,55719-66236:John Collins,55719-14518:Tobias Harris,55719-117286:Moses Brown,363.8108758076795,59900
55719-84671:Trae Young,55719-14496:Ricky Rubio,55719-145348:Immanuel Quickley,55719-84680:Shai Gilgeous-Alexander,55719-110345:Kevin Porter,55719-9488:LeBron James,55719-66236:John Collins,55719-80812:Lauri Markkanen,55719-117286:Moses Brown,368.0533558888638,60000
55719-84671:Trae Young,55719-110317:Jaylen Nowell,55719-145348:Immanuel Quickley,55719-84680:Shai Gilgeous-Alexander,55719-145533:Kenyon Martin,55719-9488:LeBron James,55719-42669:Julius Randle,55719-80823:Tony Bradley,55719-23776:Montrezl Harrell,365.02640061702056,59900
55719-84671:Trae Young,55719-20848:Damian Lillard,55719-145348:Immanuel Quickley,55719-84680:Shai Gilgeous-Alexander,55719-66048:Brandon Ingram,55719-110357:RJ Barrett,55719-66236:John Collins,55719-80823:Tony Bradley,55719-117286:Moses Brown,364.7306730916721,59900
55719-84671:Trae Young,55719-14496:Ricky Rubio,55719-15684:Victor Oladipo,55719-84680:Shai Gilgeous-Alexander,55719-145533:Kenyon Martin,55719-66048:Brandon Ingram,55719-80812:Lauri Markkanen,55719-42669:Julius Randle,55719-117286:Moses Brown,363.3094447809494,60000
55719-84671:Trae Young,55719-20848:Damian Lillard,55719-15684:Victor Oladipo,55719-110337:Talen Horton-Tucker,55719-145533:Kenyon Martin,55719-9488:LeBron James,55719-14518:Tobias Harris,55719-80823:Tony Bradley,55719-117286:Moses Brown,369.5292964594696,59900
55719-84671:Trae Young,55719-14496:Ricky Rubio,55719-145321:Anthony Edwards,55719-84680:Shai Gilgeous-Alexander,55719-110345:Kevin Porter,55719-145533:Kenyon Martin,55719-42669:Julius Randle,55719-14518:Tobias Harris,55719-117286:Moses Brown,368.3709416804124,59900
55719-84671:Trae Young,55719-66115:Ben Simmons,55719-84704:Kevin Huerter,55719-84680:Shai Gilgeous-Alexander,55719-145533:Kenyon Martin,55719-110357:RJ Barrett,55719-66236:John Collins,55719-80808:Jayson Tatum,55719-117286:Moses Brown,362.6175855217122,59700
55719-84671:Trae Young,55719-66115:Ben Simmons,55719-12355:Eric Bledsoe,55719-145348:Immanuel Quickley,55719-145533:Kenyon Martin,55719-9488:LeBron James,55719-66236:John Collins,55719-14518:Tobias Harris,55719-117286:Moses Brown,367.85852259917243,59800
55719-84671:Trae Young,55719-110317:Jaylen Nowell,55719-15684:Victor Oladipo,55719-84680:Shai Gilgeous-Alexander,55719-145533:Kenyon Martin,55719-66048:Brandon Ingram,55719-66236:John Collins,55719-80808:Jayson Tatum,55719-117286:Moses Brown,365.3705864370927,60000
55719-84671:Trae Young,55719-110317:Jaylen Nowell,55719-145321:Anthony Edwards,55719-84680:Shai Gilgeous-Alexander,55719-110345:Kevin Porter,55719-145533:Kenyon Martin,55719-66236:John Collins,55719-42669:Julius Randle,55719-14516:Enes Kanter,366.0030626227022,59900
55719-84671:Trae Young,55719-66115:Ben Simmons,55719-145321:Anthony Edwards,55719-84680:Shai Gilgeous-Alexander,55719-145533:Kenyon Martin,55719-66048:Brandon Ingram,55719-66236:John Collins,55719-80823:Tony Bradley,55719-23776:Montrezl Harrell,370.0613511712635,60000
55719-84671:Trae Young,55719-66115:Ben Simmons,55719-110337:Talen Horton-Tucker,55719-84680:Shai Gilgeous-Alexander,55719-145533:Kenyon Martin,55719-110357:RJ Barrett,55719-66236:John Collins,55719-42669:Julius Randle,55719-14516:Enes Kanter,364.8905421443623,60000
55719-84671:Trae Young,55719-20848:Damian Lillard,55719-84680:Shai Gilgeous-Alexander,55719-110331:Ty Jerome,55719-110345:Kevin Porter,55719-145533:Kenyon Martin,55719-58377:Kyle Kuzma,55719-42669:Julius Randle,55719-117286:Moses Brown,374.43812563344676,59900
55719-84671:Trae Young,55719-20848:Damian Lillard,55719-145348:Immanuel Quickley,55719-110331:Ty Jerome,55719-110345:Kevin Porter,55719-145533:Kenyon Martin,55719-66236:John Collins,55719-42669:Julius Randle,55719-23776:Montrezl Harrell,368.96341647084387,60000
55719-84671:Trae Young,55719-14496:Ricky Rubio,55719-110337:Talen Horton-Tucker,55719-84680:Shai Gilgeous-Alexander,55719-110345:Kevin Porter,55719-145533:Kenyon Martin,55719-66236:John Collins,55719-42669:Julius Randle,55719-40203:Rudy Gobert,361.5957055622635,59900
55719-84671:Trae Young,55719-80806:Lonzo Ball,55719-145348:Immanuel Quickley,55719-84680:Shai Gilgeous-Alexander,55719-145533:Kenyon Martin,55719-110357:RJ Barrett,55719-58377:Kyle Kuzma,55719-42669:Julius Randle,55719-23776:Montrezl Harrell,362.3026117915714,60000
55719-84671:Trae Young,55719-110317:Jaylen Nowell,55719-84704:Kevin Huerter,55719-84680:Shai Gilgeous-Alexander,55719-145533:Kenyon Martin,55719-9488:LeBron James,55719-80812:Lauri Markkanen,55719-42669:Julius Randle,55719-117286:Moses Brown,366.46700781924335,60000
55719-84671:Trae Young,55719-20848:Damian Lillard,55719-15684:Victor Oladipo,55719-84680:Shai Gilgeous-Alexander,55719-110345:Kevin Porter,55719-145533:Kenyon Martin,55719-80812:Lauri Markkanen,55719-80823:Tony Bradley,55719-23776:Montrezl Harrell,368.26225774723554,59900
55719-84671:Trae Young,55719-66115:Ben Simmons,55719-145321:Anthony Edwards,55719-145348:Immanuel Quickley,55719-110345:Kevin Porter,55719-9488:LeBron James,55719-66236:John Collins,55719-80823:Tony Bradley,55719-117286:Moses Brown,366.7974187990909,60000
55719-84671:Trae Young,55719-20848:Damian Lillard,55719-15684:Victor Oladipo,55719-145348:Immanuel Quickley,55719-67026:Jaylen Brown,55719-145533:Kenyon Martin,55719-42669:Julius Randle,55719-80823:Tony Bradley,55719-117286:Moses Brown,365.65393503894416,60000
55719-84671:Trae Young,55719-66115:Ben Simmons,55719-84704:Kevin Huerter,55719-84680:Shai Gilgeous-Alexander,55719-145533:Kenyon Martin,55719-9488:LeBron James,55719-66236:John Collins,55719-80823:Tony Bradley,55719-9660:Dwight Howard,366.4204446398273,60000
55719-14496:Ricky Rubio,55719-20848:Damian Lillard,55719-145348:Immanuel Quickley,55719-84680:Shai Gilgeous-Alexander,55719-145533:Kenyon Martin,55719-110357:RJ Barrett,55719-66236:John Collins,55719-42669:Julius Randle,55719-23776:Montrezl Harrell,344.17540793860877,60000
55719-14496:Ricky Rubio,55719-20848:Damian Lillard,55719-145348:Immanuel Quickley,55719-84680:Shai Gilgeous-Alexander,55719-110345:Kevin Porter,55719-145533:Kenyon Martin,55719-110310:Zion Williamson,55719-42669:Julius Randle,55719-117286:Moses Brown,342.24556471027176,59800
55719-14496:Ricky Rubio,55719-20848:Damian Lillard,55719-145348:Immanuel Quickley,55719-84680:Shai Gilgeous-Alexander,55719-145533:Kenyon Martin,55719-9488:LeBron James,55719-66236:John Collins,55719-110346:Isaiah Roby,55719-14516:Enes Kanter,349.10294202813657,59800
55719-14496:Ricky Rubio,55719-20848:Damian Lillard,55719-145348:Immanuel Quickley,55719-84680:Shai Gilgeous-Alexander,55719-145533:Kenyon Martin,55719-9488:LeBron James,55719-80808:Jayson Tatum,55719-80823:Tony Bradley,55719-9660:Dwight Howard,343.45990271463967,60000
55719-80806:Lonzo Ball,55719-20848:Damian Lillard,55719-84704:Kevin Huerter,55719-84680:Shai Gilgeous-Alexander,55719-145533:Kenyon Martin,55719-9488:LeBron James,55719-66236:John Collins,55719-110346:Isaiah Roby,55719-117286:Moses Brown,346.3207544890269,59900
55719-110317:Jaylen Nowell,55719-20848:Damian Lillard,55719-84680:Shai Gilgeous-Alexander,55719-110331:Ty Jerome,55719-145533:Kenyon Martin,55719-9488:LeBron James,55719-66236:John Collins,55719-80808:Jayson Tatum,55719-117286:Moses Brown,348.5395139727387,60000
55719-40201:Dennis Schroder,55719-80806:Lonzo Ball,55719-145348:Immanuel Quickley,55719-84680:Shai Gilgeous-Alexander,55719-145533:Kenyon Martin,55719-9488:LeBron James,55719-66236:John Collins,55719-42669:Julius Randle,55719-117286:Moses Brown,344.62223402005395,60000
55719-66115:Ben Simmons,55719-20848:Damian Lillard,55719-12355:Eric Bledsoe,55719-84680:Shai Gilgeous-Alexander,55719-110345:Kevin Porter,55719-145533:Kenyon Martin,55719-66236:John Collins,55719-110310:Zion Williamson,55719-117286:Moses Brown,347.2063717288417,59900
55719-66115:Ben Simmons,55719-20848:Damian Lillard,55719-15684:Victor Oladipo,55719-84680:Shai Gilgeous-Alexander,55719-145533:Kenyon Martin,55719-110357:RJ Barrett,55719-66236:John Collins,55719-80823:Tony Bradley,55719-23776:Montrezl Harrell,343.4709183264942,59800
55719-66115:Ben Simmons,55719-20848:Damian Lillard,55719-145348:Immanuel Quickley,55719-84680:Shai Gilgeous-Alexander,55719-145533:Kenyon Martin,55719-110357:RJ Barrett,55719-66236:John Collins,55719-80817:Bam Adebayo,55719-117286:Moses Brown,345.3214418179967,59900
55719-110317:Jaylen Nowell,55719-80806:Lonzo Ball,55719-145348:Immanuel Quickley,55719-84680:Shai Gilgeous-Alexander,55719-145533:Kenyon Martin,55719-9488:LeBron James,55719-66236:John Collins,55719-80808:Jayson Tatum,55719-14516:Enes Kanter,346.14576728794185,60000
55719-66115:Ben Simmons,55719-20848:Damian Lillard,55719-145321:Anthony Edwards,55719-84680:Shai Gilgeous-Alexander,55719-110345:Kevin Porter,55719-145533:Kenyon Martin,55719-42669:Julius Randle,55719-80823:Tony Bradley,55719-117286:Moses Brown,345.38581131282024,59700
55719-66115:Ben Simmons,55719-20848:Damian Lillard,55719-145348:Immanuel Quickley,55719-84680:Shai Gilgeous-Alexander,55719-110345:Kevin Porter,55719-145533:Kenyon Martin,55719-66236:John Collins,55719-80823:Tony Bradley,55719-40203:Rudy Gobert,348.0348612540381,59800
55719-110317:Jaylen Nowell,55719-66115:Ben Simmons,55719-12355:Eric Bledsoe,55719-84680:Shai Gilgeous-Alexander,55719-145533:Kenyon Martin,55719-9488:LeBron James,55719-66236:John Collins,55719-42669:Julius Randle,55719-117286:Moses Brown,339.1834995047434,59500
55719-14496:Ricky Rubio,55719-20848:Damian Lillard,55719-15684:Victor Oladipo,55719-84680:Shai Gilgeous-Alexander,55719-145533:Kenyon Martin,55719-110357:RJ Barrett,55719-66236:John Collins,55719-80808:Jayson Tatum,55719-117286:Moses Brown,342.98441028413,59800
55719-14496:Ricky Rubio,55719-66115:Ben Simmons,55719-145348:Immanuel Quickley,55719-84680:Shai Gilgeous-Alexander,55719-110345:Kevin Porter,55719-9488:LeBron James,55719-66236:John Collins,55719-80823:Tony Bradley,55719-23776:Montrezl Harrell,339.66094071026924,59600
55719-14496:Ricky Rubio,55719-20848:Damian Lillard,55719-110337:Talen Horton-Tucker,55719-84680:Shai Gilgeous-Alexander,55719-145533:Kenyon Martin,55719-9488:LeBron James,55719-66236:John Collins,55719-110310:Zion Williamson,55719-117286:Moses Brown,343.6135672576891,60000
55719-66115:Ben Simmons,55719-20848:Damian Lillard,55719-145348:Immanuel Quickley,55719-84680:Shai Gilgeous-Alexander,55719-145533:Kenyon Martin,55719-9488:LeBron James,55719-80812:Lauri Markkanen,55719-110346:Isaiah Roby,55719-117286:Moses Brown,346.9550516231608,59800
55719-40201:Dennis Schroder,55719-20848:Damian Lillard,55719-145348:Immanuel Quickley,55719-84680:Shai Gilgeous-Alexander,55719-110345:Kevin Porter,55719-145533:Kenyon Martin,55719-66236:John Collins,55719-14518:Tobias Harris,55719-23776:Montrezl Harrell,340.8389934314243,59900
55719-14496:Ricky Rubio,55719-20848:Damian Lillard,55719-84680:Shai Gilgeous-Alexander,55719-110331:Ty Jerome,55719-145533:Kenyon Martin,55719-9488:LeBron James,55719-66236:John Collins,55719-80823:Tony Bradley,55719-40203:Rudy Gobert,346.1306309376157,59900
55719-14496:Ricky Rubio,55719-20848:Damian Lillard,55719-84704:Kevin Huerter,55719-84680:Shai Gilgeous-Alexander,55719-145533:Kenyon Martin,55719-9488:LeBron James,55719-42669:Julius Randle,55719-80823:Tony Bradley,55719-117286:Moses Brown,347.8150396671683,59800
55719-14496:Ricky Rubio,55719-20848:Damian Lillard,55719-15684:Victor Oladipo,55719-84680:Shai Gilgeous-Alexander,55719-145533:Kenyon Martin,55719-66048:Brandon Ingram,55719-66236:John Collins,55719-110346:Isaiah Roby,55719-23776:Montrezl Harrell,341.06984566841146,60000
55719-14496:Ricky Rubio,55719-20848:Damian Lillard,55719-12355:Eric Bledsoe,55719-84680:Shai Gilgeous-Alexander,55719-145533:Kenyon Martin,55719-9488:LeBron James,55719-80808:Jayson Tatum,55719-110346:Isaiah Roby,55719-117286:Moses Brown,335.98889409861386,60000
55719-66115:Ben Simmons,55719-20848:Damian Lillard,55719-15684:Victor Oladipo,55719-84680:Shai Gilgeous-Alexander,55719-9637:Danilo Gallinari,55719-110345:Kevin Porter,55719-66236:John Collins,55719-80823:Tony Bradley,55719-117286:Moses Brown,347.21055252298254,59800
55719-40201:Dennis Schroder,55719-20848:Damian Lillard,55719-145348:Immanuel Quickley,55719-84680:Shai Gilgeous-Alexander,55719-145533:Kenyon Martin,55719-66048:Brandon Ingram,55719-42669:Julius Randle,55719-80823:Tony Bradley,55719-23776:Montrezl Harrell,347.0031635462949,60000
55719-110317:Jaylen Nowell,55719-20848:Damian Lillard,55719-145321:Anthony Edwards,55719-84680:Shai Gilgeous-Alexander,55719-145533:Kenyon Martin,55719-9488:LeBron James,55719-66236:John Collins,55719-80823:Tony Bradley,55719-14516:Enes Kanter,345.36178488208077,59700
55719-14496:Ricky Rubio,55719-66115:Ben Simmons,55719-15684:Victor Oladipo,55719-84680:Shai Gilgeous-Alexander,55719-145533:Kenyon Martin,55719-9488:LeBron James,55719-66236:John Collins,55719-20491:Robert Covington,55719-117286:Moses Brown,343.7334188010586,59900
55719-80806:Lonzo Ball,55719-20848:Damian Lillard,55719-110337:Talen Horton-Tucker,55719-84680:Shai Gilgeous-Alexander,55719-110345:Kevin Porter,55719-145533:Kenyon Martin,55719-66236:John Collins,55719-42669:Julius Randle,55719-14516:Enes Kanter,339.82724904086376,60000
55719-14496:Ricky Rubio,55719-66115:Ben Simmons,55719-145348:Immanuel Quickley,55719-84680:Shai Gilgeous-Alexander,55719-145533:Kenyon Martin,55719-110357:RJ Barrett,55719-66236:John Collins,55719-80808:Jayson Tatum,55719-40203:Rudy Gobert,344.19641347205396,60000
55719-110317:Jaylen Nowell,55719-20848:Damian Lillard,55719-15684:Victor Oladipo,55719-110337:Talen Horton-Tucker,55719-145533:Kenyon Martin,55719-9488:LeBron James,55719-66236:John Collins,55719-42669:Julius Randle,55719-117286:Moses Brown,345.2505984528133,59800
55719-66115:Ben Simmons,55719-20848:Damian Lillard,55719-145348:Immanuel Quickley,55719-15947:Reggie Bullock,55719-145533:Kenyon Martin,55719-9488:LeBron James,55719-66236:John Collins,55719-110310:Zion Williamson,55719-117286:Moses Brown,343.68937873370356,60000
55719-40201:Dennis Schroder,55719-20848:Damian Lillard,55719-145348:Immanuel Quickley,55719-84680:Shai Gilgeous-Alexander,55719-145533:Kenyon Martin,55719-66048:Brandon Ingram,55719-66236:John Collins,55719-110310:Zion Williamson,55719-117286:Moses Brown,344.6271718281029,59800
55719-14507:Kemba Walker,55719-20848:Damian Lillard,55719-84704:Kevin Huerter,55719-84680:Shai Gilgeous-Alexander,55719-145533:Kenyon Martin,55719-110357:RJ Barrett,55719-66236:John Collins,55719-42669:Julius Randle,55719-117286:Moses Brown,342.64214924658955,60000
55719-80806:Lonzo Ball,55719-20848:Damian Lillard,55719-15684:Victor Oladipo,55719-84680:Shai Gilgeous-Alexander,55719-145533:Kenyon Martin,55719-110357:RJ Barrett,55719-66236:John Collins,55719-80812:Lauri Markkanen,55719-14516:Enes Kanter,345.5986005730488,60000
55719-14496:Ricky Rubio,55719-20848:Damian Lillard,55719-15684:Victor Oladipo,55719-84680:Shai Gilgeous-Alexander,55719-110345:Kevin Porter,55719-9488:LeBron James,55719-110346:Isaiah Roby,55719-80823:Tony Bradley,55719-117286:Moses Brown,339.26079071041187,59800
55719-66115:Ben Simmons,55719-20848:Damian Lillard,55719-15684:Victor Oladipo,55719-84680:Shai Gilgeous-Alexander,55719-145533:Kenyon Martin,55719-110357:RJ Barrett,55719-110346:Isaiah Roby,55719-14518:Tobias Harris,55719-117286:Moses Brown,345.7198999701465,59900
55719-66115:Ben Simmons,55719-20848:Damian Lillard,55719-145348:Immanuel Quickley,55719-84680:Shai Gilgeous-Alexander,55719-145533:Kenyon Martin,55719-110357:RJ Barrett,55719-42669:Julius Randle,55719-80823:Tony Bradley,55719-14516:Enes Kanter,349.00369077752924,59600
55719-66115:Ben Simmons,55719-20848:Damian Lillard,55719-84704:Kevin Huerter,55719-84680:Shai Gilgeous-Alexander,55719-110345:Kevin Porter,55719-110357:RJ Barrett,55719-66236:John Collins,55719-80812:Lauri Markkanen,55719-117286:Moses Brown,345.9235856677373,59900
55719-40201:Dennis Schroder,55719-66115:Ben Simmons,55719-145348:Immanuel Quickley,55719-84680:Shai Gilgeous-Alexander,55719-9488:LeBron James,55719-66048:Brandon Ingram,55719-66236:John Collins,55719-80823:Tony Bradley,55719-117286:Moses Brown,340.50619690634585,59900
55719-110317:Jaylen Nowell,55719-66115:Ben Simmons,55719-15684:Victor Oladipo,55719-84680:Shai Gilgeous-Alexander,55719-145533:Kenyon Martin,55719-110357:RJ Barrett,55719-80808:Jayson Tatum,55719-42669:Julius Randle,55719-117286:Moses Brown,341.3206641229487,59900
55719-80806:Lonzo Ball,55719-66115:Ben Simmons,55719-84704:Kevin Huerter,55719-84680:Shai Gilgeous-Alexander,55719-110345:Kevin Porter,55719-145533:Kenyon Martin,55719-110310:Zion Williamson,55719-42669:Julius Randle,55719-117286:Moses Brown,344.20070228835414,60000
55719-66115:Ben Simmons,55719-20848:Damian Lillard,55719-145321:Anthony Edwards,55719-84680:Shai Gilgeous-Alexander,55719-110345:Kevin Porter,55719-145533:Kenyon Martin,55719-66236:John Collins,55719-145538:Aleksej Pokusevski,55719-14516:Enes Kanter,345.26742081811994,60000
55719-14496:Ricky Rubio,55719-80806:Lonzo Ball,55719-110337:Talen Horton-Tucker,55719-84680:Shai Gilgeous-Alexander,55719-110345:Kevin Porter,55719-9488:LeBron James,55719-66236:John Collins,55719-42669:Julius Randle,55719-117286:Moses Brown,346.22465613004704,60000
55719-14496:Ricky Rubio,55719-20848:Damian Lillard,55719-15684:Victor Oladipo,55719-145321:Anthony Edwards,55719-145533:Kenyon Martin,55719-9488:LeBron James,55719-110310:Zion Williamson,55719-80823:Tony Bradley,55719-117286:Moses Brown,338.7162306427048,60000
55719-14496:Ricky Rubio,55719-66115:Ben Simmons,55719-145348:Immanuel Quickley,55719-84680:Shai Gilgeous-Alexander,55719-145533:Kenyon Martin,55719-9488:LeBron James,55719-58377:Kyle Kuzma,55719-42669:Julius Randle,55719-117286:Moses Brown,346.23931700439806,59900
55719-110326:Coby White,55719-20848:Damian Lillard,55719-15684:Victor Oladipo,55719-84680:Shai Gilgeous-Alexander,55719-145533:Kenyon Martin,55719-9488:LeBron James,55719-66236:John Collins,55719-80823:Tony Bradley,55719-117286:Moses Brown,343.5739282559171,59800
55719-66115:Ben Simmons,55719-20848:Damian Lillard,55719-84680:Shai Gilgeous-Alexander,55719-110331:Ty Jerome,55719-145533:Kenyon Martin,55719-9488:LeBron James,55719-14518:Tobias Harris,55719-80823:Tony Bradley,55719-117286:Moses Brown,347.1458162023387,59600
55719-80806:Lonzo Ball,55719-66115:Ben Simmons,55719-145348:Immanuel Quickley,55719-84680:Shai Gilgeous-Alexander,55719-145533:Kenyon Martin,55719-9488:LeBron James,55719-66236:John Collins,55719-110346:Isaiah Roby,55719-23776:Montrezl Harrell,347.8729304580137,59900
55719-14496:Ricky Rubio,55719-66115:Ben Simmons,55719-145348:Immanuel Quickley,55719-84680:Shai Gilgeous-Alexander,55719-145533:Kenyon Martin,55719-66048:Brandon Ingram,55719-66236:John Collins,55719-42669:Julius Randle,55719-14516:Enes Kanter,342.65287404910276,59700
55719-14496:Ricky Rubio,55719-80806:Lonzo Ball,55719-15684:Victor Oladipo,55719-84680:Shai Gilgeous-Alexander,55719-9488:LeBron James,55719-66048:Brandon Ingram,55719-66236:John Collins,55719-80823:Tony Bradley,55719-117286:Moses Brown,337.84903549259434,60000
55719-14496:Ricky Rubio,55719-20848:Damian Lillard,55719-84704:Kevin Huerter,55719-84680:Shai Gilgeous-Alexander,55719-9637:Danilo Gallinari,55719-145533:Kenyon Martin,55719-66236:John Collins,55719-42669:Julius Randle,55719-14516:Enes Kanter,343.1173200868498,60000
55719-40201:Dennis Schroder,55719-20848:Damian Lillard,55719-12355:Eric Bledsoe,55719-84680:Shai Gilgeous-Alexander,55719-110345:Kevin Porter,55719-9488:LeBron James,55719-66236:John Collins,55719-80823:Tony Bradley,55719-117286:Moses Brown,341.226087420809,59900
55719-66115:Ben Simmons,55719-20848:Damian Lillard,55719-145348:Immanuel Quickley,55719-84680:Shai Gilgeous-Alexander,55719-145533:Kenyon Martin,55719-9488:LeBron James,55719-145538:Aleksej Pokusevski,55719-80823:Tony Bradley,55719-23776:Montrezl Harrell,344.8440011204094,60000
55719-66115:Ben Simmons,55719-20848:Damian Lillard,55719-84704:Kevin Huerter,55719-145348:Immanuel Quickley,55719-145533:Kenyon Martin,55719-66048:Brandon Ingram,55719-66236:John Collins,55719-80808:Jayson Tatum,55719-117286:Moses Brown,344.7332511207766,60000
55719-14496:Ricky Rubio,55719-80806:Lonzo Ball,55719-145348:Immanuel Quickley,55719-84680:Shai Gilgeous-Alexander,55719-145533:Kenyon Martin,55719-9488:LeBron James,55719-80808:Jayson Tatum,55719-14518:Tobias Harris,55719-117286:Moses Brown,342.4549088333803,60000
55719-14496:Ricky Rubio,55719-20848:Damian Lillard,55719-145348:Immanuel Quickley,55719-84680:Shai Gilgeous-Alexander,55719-9488:LeBron James,55719-110357:RJ Barrett,55719-66236:John Collins,55719-81529:Daniel Theis,55719-117286:Moses Brown,345.23003005205175,60000
55719-40201:Dennis Schroder,55719-66115:Ben Simmons,55719-145348:Immanuel Quickley,55719-84680:Shai Gilgeous-Alexander,55719-145533:Kenyon Martin,55719-66048:Brandon Ingram,55719-80808:Jayson Tatum,55719-80823:Tony Bradley,55719-40203:Rudy Gobert,335.43789244227065,60000
55719-110317:Jaylen Nowell,55719-20848:Damian Lillard,55719-145321:Anthony Edwards,55719-84680:Shai Gilgeous-Alexander,55719-145533:Kenyon Martin,55719-110357:RJ Barrett,55719-42669:Julius Randle,55719-14518:Tobias Harris,55719-117286:Moses Brown,341.54979281704533,60000
55719-66115:Ben Simmons,55719-20848:Damian Lillard,55719-145348:Immanuel Quickley,55719-84680:Shai Gilgeous-Alexander,55719-9637:Danilo Gallinari,55719-145533:Kenyon Martin,55719-66236:John Collins,55719-20491:Robert Covington,55719-23776:Montrezl Harrell,343.6738509332863,59900
55719-40201:Dennis Schroder,55719-66115:Ben Simmons,55719-145348:Immanuel Quickley,55719-84680:Shai Gilgeous-Alexander,55719-145533:Kenyon Martin,55719-66048:Brandon Ingram,55719-42669:Julius Randle,55719-14518:Tobias Harris,55719-117286:Moses Brown,343.3395652155551,60000
55719-40201:Dennis Schroder,55719-14496:Ricky Rubio,55719-145348:Immanuel Quickley,55719-84680:Shai Gilgeous-Alexander,55719-145533:Kenyon Martin,55719-9488:LeBron James,55719-42669:Julius Randle,55719-80823:Tony Bradley,55719-40203:Rudy Gobert,343.6593450410465,60000
55719-110317:Jaylen Nowell,55719-20848:Damian Lillard,55719-145348:Immanuel Quickley,55719-84680:Shai Gilgeous-Alexander,55719-145533:Kenyon Martin,55719-9488:LeBron James,55719-14518:Tobias Harris,55719-20491:Robert Covington,55719-117286:Moses Brown,349.0228206080964,59900
55719-66115:Ben Simmons,55719-20848:Damian Lillard,55719-15684:Victor Oladipo,55719-110331:Ty Jerome,55719-145533:Kenyon Martin,55719-9488:LeBron James,55719-66236:John Collins,55719-80812:Lauri Markkanen,55719-117286:Moses Brown,342.2664401474965,60000
55719-66115:Ben Simmons,55719-20848:Damian Lillard,55719-15684:Victor Oladipo,55719-145348:Immanuel Quickley,55719-145533:Kenyon Martin,55719-110357:RJ Barrett,55719-66236:John Collins,55719-14518:Tobias Harris,55719-9660:Dwight Howard,346.57277904231455,59900
55719-66115:Ben Simmons,55719-20848:Damian Lillard,55719-84680:Shai Gilgeous-Alexander,55719-66113:Donovan Mitchell,55719-145533:Kenyon Martin,55719-66048:Brandon Ingram,55719-66236:John Collins,55719-80823:Tony Bradley,55719-117286:Moses Brown,349.64294205711144,59900
55719-110317:Jaylen Nowell,55719-20848:Damian Lillard,55719-145348:Immanuel Quickley,55719-84680:Shai Gilgeous-Alexander,55719-110345:Kevin Porter,55719-66048:Brandon Ingram,55719-66236:John Collins,55719-14518:Tobias Harris,55719-117286:Moses Brown,337.7394220661978,60000
55719-66115:Ben Simmons,55719-20848:Damian Lillard,55719-15684:Victor Oladipo,55719-145348:Immanuel Quickley,55719-110345:Kevin Porter,55719-145533:Kenyon Martin,55719-42669:Julius Randle,55719-80823:Tony Bradley,55719-23776:Montrezl Harrell,342.49883466991827,60000
55719-40201:Dennis Schroder,55719-14496:Ricky Rubio,55719-145348:Immanuel Quickley,55719-84680:Shai Gilgeous-Alexander,55719-145533:Kenyon Martin,55719-9488:LeBron James,55719-66236:John Collins,55719-110310:Zion Williamson,55719-23776:Montrezl Harrell,345.2163839734912,60000
55719-80806:Lonzo Ball,55719-20848:Damian Lillard,55719-145348:Immanuel Quickley,55719-84680:Shai Gilgeous-Alexander,55719-110345:Kevin Porter,55719-66048:Brandon Ingram,55719-66236:John Collins,55719-80823:Tony Bradley,55719-14516:Enes Kanter,338.8478760939875,60000
55719-66115:Ben Simmons,55719-20848:Damian Lillard,55719-84704:Kevin Huerter,55719-84680:Shai Gilgeous-Alexander,55719-9637:Danilo Gallinari,55719-145533:Kenyon Martin,55719-80812:Lauri Markkanen,55719-42669:Julius Randle,55719-117286:Moses Brown,341.24110254706727,60000
55719-40201:Dennis Schroder,55719-66115:Ben Simmons,55719-145348:Immanuel Quickley,55719-84680:Shai Gilgeous-Alexander,55719-145533:Kenyon Martin,55719-9488:LeBron James,55719-66236:John Collins,55719-80812:Lauri Markkanen,55719-14516:Enes Kanter,346.8633856986311,59700
55719-110317:Jaylen Nowell,55719-20848:Damian Lillard,55719-145348:Immanuel Quickley,55719-84680:Shai Gilgeous-Alexander,55719-9488:LeBron James,55719-110357:RJ Barrett,55719-110310:Zion Williamson,55719-80823:Tony Bradley,55719-117286:Moses Brown,347.6774338277945,60000
55719-40201:Dennis Schroder,55719-20848:Damian Lillard,55719-15684:Victor Oladipo,55719-145348:Immanuel Quickley,55719-145533:Kenyon Martin,55719-9488:LeBron James,55719-66236:John Collins,55719-58377:Kyle Kuzma,55719-117286:Moses Brown,339.31083915196007,59800
55719-66115:Ben Simmons,55719-20848:Damian Lillard,55719-84704:Kevin Huerter,55719-15684:Victor Oladipo,55719-145533:Kenyon Martin,55719-110357:RJ Barrett,55719-66236:John Collins,55719-110310:Zion Williamson,55719-117286:Moses Brown,347.44217110346364,60000
55719-80806:Lonzo Ball,55719-66115:Ben Simmons,55719-84680:Shai Gilgeous-Alexander,55719-110331:Ty Jerome,55719-145533:Kenyon Martin,55719-9488:LeBron James,55719-66236:John Collins,55719-110310:Zion Williamson,55719-117286:Moses Brown,340.2088548252384,59900
55719-14496:Ricky Rubio,55719-20848:Damian Lillard,55719-145348:Immanuel Quickley,55719-84680:Shai Gilgeous-Alexander,55719-145533:Kenyon Martin,55719-110357:RJ Barrett,55719-80812:Lauri Markkanen,55719-14518:Tobias Harris,55719-40203:Rudy Gobert,342.33670774065376,59800
55719-80806:Lonzo Ball,55719-20848:Damian Lillard,55719-145321:Anthony Edwards,55719-84680:Shai Gilgeous-Alexander,55719-110345:Kevin Porter,55719-145533:Kenyon Martin,55719-66236:John Collins,55719-14518:Tobias Harris,55719-117286:Moses Brown,338.12618902799113,59900
55719-80806:Lonzo Ball,55719-66115:Ben Simmons,55719-15684:Victor Oladipo,55719-84680:Shai Gilgeous-Alexander,55719-110345:Kevin Porter,55719-145533:Kenyon Martin,55719-66236:John Collins,55719-80808:Jayson Tatum,55719-117286:Moses Brown,344.7880134270224,59800
55719-80806:Lonzo Ball,55719-20848:Damian Lillard,55719-145321:Anthony Edwards,55719-84680:Shai Gilgeous-Alexander,55719-145533:Kenyon Martin,55719-110357:RJ Barrett,55719-66236:John Collins,55719-80823:Tony Bradley,55719-40203:Rudy Gobert,336.9760019531251,59900
55719-14496:Ricky Rubio,55719-20848:Damian Lillard,55719-84704:Kevin Huerter,55719-84680:Shai Gilgeous-Alexander,55719-110345:Kevin Porter,55719-145533:Kenyon Martin,55719-66236:John Collins,55719-110310:Zion Williamson,55719-23776:Montrezl Harrell,344.19672582502886,60000
55719-110317:Jaylen Nowell,55719-66115:Ben Simmons,55719-145321:Anthony Edwards,55719-84680:Shai Gilgeous-Alexander,55719-145533:Kenyon Martin,55719-66048:Brandon Ingram,55719-66236:John Collins,55719-110310:Zion Williamson,55719-14516:Enes Kanter,341.01317983468726,60000
55719-110317:Jaylen Nowell,55719-20848:Damian Lillard,55719-145348:Immanuel Quickley,55719-84680:Shai Gilgeous-Alexander,55719-9637:Danilo Gallinari,55719-9488:LeBron James,55719-66236:John Collins,55719-80812:Lauri Markkanen,55719-117286:Moses Brown,344.5774290622169,60000
55719-66115:Ben Simmons,55719-20848:Damian Lillard,55719-84680:Shai Gilgeous-Alexander,55719-110331:Ty Jerome,55719-145533:Kenyon Martin,55719-110357:RJ Barrett,55719-42669:Julius Randle,55719-110346:Isaiah Roby,55719-23776:Montrezl Harrell,346.4979907274418,59900
55719-40262:Sterling Brown,55719-66115:Ben Simmons,55719-145348:Immanuel Quickley,55719-84680:Shai Gilgeous-Alexander,55719-145533:Kenyon Martin,55719-9488:LeBron James,55719-66236:John Collins,55719-80808:Jayson Tatum,55719-117286:Moses Brown,346.72554132391224,59900
55719-80806:Lonzo Ball,55719-20848:Damian Lillard,55719-12355:Eric Bledsoe,55719-84680:Shai Gilgeous-Alexander,55719-145533:Kenyon Martin,55719-9488:LeBron James,55719-110310:Zion Williamson,55719-80823:Tony Bradley,55719-117286:Moses Brown,347.25166787656144,59900
55719-110317:Jaylen Nowell,55719-66115:Ben Simmons,55719-15684:Victor Oladipo,55719-84680:Shai Gilgeous-Alexander,55719-9637:Danilo Gallinari,55719-145533:Kenyon Martin,55719-66236:John Collins,55719-42669:Julius Randle,55719-23776:Montrezl Harrell,343.89227616400217,59800
55719-40201:Dennis Schroder,55719-20848:Damian Lillard,55719-12355:Eric Bledsoe,55719-84680:Shai Gilgeous-Alexander,55719-110345:Kevin Porter,55719-145533:Kenyon Martin,55719-42669:Julius Randle,55719-14518:Tobias Harris,55719-117286:Moses Brown,345.84858863997954,60000
55719-14496:Ricky Rubio,55719-110317:Jaylen Nowell,55719-84704:Kevin Huerter,55719-84680:Shai Gilgeous-Alexander,55719-145533:Kenyon Martin,55719-9488:LeBron James,55719-66236:John Collins,55719-42669:Julius Randle,55719-23776:Montrezl Harrell,341.66196169652596,59600
55719-14496:Ricky Rubio,55719-20848:Damian Lillard,55719-12355:Eric Bledsoe,55719-84680:Shai Gilgeous-Alexander,55719-110345:Kevin Porter,55719-110357:RJ Barrett,55719-66236:John Collins,55719-42669:Julius Randle,55719-117286:Moses Brown,343.73276275140955,59900
55719-14496:Ricky Rubio,55719-66115:Ben Simmons,55719-145348:Immanuel Quickley,55719-84680:Shai Gilgeous-Alexander,55719-145533:Kenyon Martin,55719-9488:LeBron James,55719-66236:John Collins,55719-14518:Tobias Harris,55719-9660:Dwight Howard,342.28101805634856,60000
55719-110317:Jaylen Nowell,55719-20848:Damian Lillard,55719-84680:Shai Gilgeous-Alexander,55719-110331:Ty Jerome,55719-145533:Kenyon Martin,55719-66048:Brandon Ingram,55719-66236:John Collins,55719-42669:Julius Randle,55719-23776:Montrezl Harrell,345.11523021884415,60000
55719-40201:Dennis Schroder,55719-66115:Ben Simmons,55719-15684:Victor Oladipo,55719-84680:Shai Gilgeous-Alexander,55719-110345:Kevin Porter,55719-66048:Brandon Ingram,55719-66236:John Collins,55719-80812:Lauri Markkanen,55719-117286:Moses Brown,343.70014097588273,60000
55719-14496:Ricky Rubio,55719-66115:Ben Simmons,55719-84704:Kevin Huerter,55719-84680:Shai Gilgeous-Alexander,55719-145533:Kenyon Martin,55719-9488:LeBron James,55719-80808:Jayson Tatum,55719-80823:Tony Bradley,55719-23776:Montrezl Harrell,338.37660978574104,60000
55719-14496:Ricky Rubio,55719-66115:Ben Simmons,55719-15684:Victor Oladipo,55719-84680:Shai Gilgeous-Alexander,55719-145533:Kenyon Martin,55719-66048:Brandon Ingram,55719-66236:John Collins,55719-80823:Tony Bradley,55719-58462:Karl-Anthony Towns,343.5664056050775,60000
55719-110317:Jaylen Nowell,55719-20848:Damian Lillard,55719-15684:Victor Oladipo,55719-84680:Shai Gilgeous-Alexander,55719-67026:Jaylen Brown,55719-145533:Kenyon Martin,55719-66236:John Collins,55719-14518:Tobias Harris,55719-117286:Moses Brown,344.20349077661496,59900
55719-66115:Ben Simmons,55719-20848:Damian Lillard,55719-84704:Kevin Huerter,55719-84680:Shai Gilgeous-Alexander,55719-110345:Kevin Porter,55719-145533:Kenyon Martin,55719-110310:Zion Williamson,55719-80823:Tony Bradley,55719-14516:Enes Kanter,341.9551634768399,59600
55719-14496:Ricky Rubio,55719-66115:Ben Simmons,55719-40783:Zach LaVine,55719-84680:Shai Gilgeous-Alexander,55719-145533:Kenyon Martin,55719-110357:RJ Barrett,55719-66236:John Collins,55719-42669:Julius Randle,55719-117286:Moses Brown,339.30988655860307,59900
55719-14507:Kemba Walker,55719-66115:Ben Simmons,55719-15684:Victor Oladipo,55719-84680:Shai Gilgeous-Alexander,55719-110345:Kevin Porter,55719-145533:Kenyon Martin,55719-58377:Kyle Kuzma,55719-42669:Julius Randle,55719-117286:Moses Brown,342.31410105141094,59900
55719-14507:Kemba Walker,55719-110317:Jaylen Nowell,55719-15684:Victor Oladipo,55719-84680:Shai Gilgeous-Alexander,55719-145533:Kenyon Martin,55719-9488:LeBron James,55719-66236:John Collins,55719-80823:Tony Bradley,55719-40203:Rudy Gobert,342.1564323643524,60000
55719-80806:Lonzo Ball,55719-20848:Damian Lillard,55719-145348:Immanuel Quickley,55719-84680:Shai Gilgeous-Alexander,55719-110345:Kevin Porter,55719-9488:LeBron James,55719-80812:Lauri Markkanen,55719-80823:Tony Bradley,55719-117286:Moses Brown,343.19196964261806,59700
55719-66115:Ben Simmons,55719-20848:Damian Lillard,55719-14510:Alec Burks,55719-84680:Shai Gilgeous-Alexander,55719-145533:Kenyon Martin,55719-9488:LeBron James,55719-80812:Lauri Markkanen,55719-80823:Tony Bradley,55719-14516:Enes Kanter,343.7834949919927,60000
55719-40201:Dennis Schroder,55719-20848:Damian Lillard,55719-84704:Kevin Huerter,55719-145348:Immanuel Quickley,55719-145533:Kenyon Martin,55719-9488:LeBron James,55719-80812:Lauri Markkanen,55719-42669:Julius Randle,55719-117286:Moses Brown,340.82288676521443,60000
55719-66115:Ben Simmons,55719-20848:Damian Lillard,55719-15684:Victor Oladipo,55719-84680:Shai Gilgeous-Alexander,55719-145533:Kenyon Martin,55719-66048:Brandon Ingram,55719-110346:Isaiah Roby,55719-80823:Tony Bradley,55719-14516:Enes Kanter,343.6501388876086,59600
55719-14496:Ricky Rubio,55719-20848:Damian Lillard,55719-145321:Anthony Edwards,55719-145348:Immanuel Quickley,55719-145533:Kenyon Martin,55719-9488:LeBron James,55719-80808:Jayson Tatum,55719-80812:Lauri Markkanen,55719-117286:Moses Brown,341.08302324268845,60000
55719-14496:Ricky Rubio,55719-66115:Ben Simmons,55719-15684:Victor Oladipo,55719-84680:Shai Gilgeous-Alexander,55719-110345:Kevin Porter,55719-110357:RJ Barrett,55719-66236:John Collins,55719-110310:Zion Williamson,55719-117286:Moses Brown,342.6853646661487,59900
